{
    "translate_by": {
                "type": "command",
                "category": "motion",
                "spec": "translate by %n of %s",
                "defaults": [100, "width"]
    },
	"changeCostumeColor": {
				"type": "command",
				"category": "looks",
				"spec": "set costume color to %n",
				"defaults": [0]
	},
	"changeCostumeShade": {
				"type": "command",
				"category": "looks",
				"spec": "set costume shade to %n",
				"defaults": [100]
	},
	"_3DRotationX": {
				"type": "reporter",
				"category": "pen",
				"spec": "3D x rotation"
	},
	"_3DRotationY": {
				"type": "reporter",
				"category": "pen",
				"spec": "3D y rotation"
	},
	"_3DRotationZ": {
				"type": "reporter",
				"spec": "3D z rotation"
	}
}
