{

  "translate_percent": {
    "type": "command",
    "category": "motion",
    "spec": "translate by %n of %drc",
    "defaults": [100, null]
  },
  "flipYAxis": {
    "type": "command",
    "category": "looks",
    "spec": "reflect across Y axis",
    "defaults": []
  },
  "flipXAxis": {
    "type": "command",
    "category": "looks",
    "spec": "reflect across X axis",
    "defaults": []
  },
  "changeCostumeColor": {
    "type": "command",
    "category": "looks",
    "spec": "set costume color to %n",
    "defaults": [0]
  },
  "setCostumeShade": {
    "type": "command",
    "category": "looks",
    "spec": "set costume shade to %n",
    "defaults": [100]
  },
  "changeCostumeShade": {
    "type": "command",
    "category": "looks",
    "spec": "change costume shade by %n",
    "defaults": [100]
  },
  "exportAsCSV": {
    "type": "command",
    "category": "variables",
    "spec": "display %l and %l as a CSV"
  },
  "printList": {
    "type": "command",
    "category": "variables",
    "spec": "print list %l"
  }
}
