{
    "putSound": {
        "type": "command",
        "category": "sound",
        "spec": "put sound %snd for %n "
    },
    "fullBeat":{
        "type": "reporter",
        "category": "sound",
        "spec": "full beat"
    },
    "halfBeat":{
        "type": "reporter",
        "category": "sound",
        "spec": "half beat"
    },
    "importWheel": {
        "type": "command",
        "category": "sound",
        "spec": "import wheel number %n from file %rwfile"
    },
    "playWheel": {
        "type": "command",
        "category": "sound",
        "spec": "play wheel %var , %n time(s)",
        "defaults":[null, 1]
    },
    "playSoundList": {
                "type": "command",
                "category": "sound",
                "spec": "play sound list %l loops %n",
                "defaults": [null, 1]
    },
    "setStartTime": {
                "type": "command",
                "category": "sound",
                "spec": "start timer delay %n",
                "defaults": [1]
    },
    "playAtTime": {
                "type": "command",
                "category": "sound",
                "spec": "play sound %snd at time %n",
                "defaults": ["", 1]
    },
    "eighthNoteTime": {
                "type": "reporter",
                "category": "sound",
                "spec": "1/8 note time"
    },
    "updateFrequencyData": {
                "type": "command",
                "category": "sound",
                "spec": "update frequency data"
    },
    "frequencyData": {
                "type": "reporter",
                "category": "sound",
                "spec": "frequency data"
    },
    "rotateAroundPoint": {
                "type": "command",
                "category": "motion",
                "spec": "center about X: %n Y: %n Distance: %n",
                "defaults": [0, 0, 100]
    },
    "moveAndPlay": {
                "type": "reporter",
                "category": "motion",
                "spec": "X: %n Y: %n Angle: %n",
                "defaults": [0, 0, 100]
    },
	"setCostumeShade": {
				"type": "command",
				"category": "looks",
				"spec": "set costume shade to %n",
				"defaults": [100]
	},
	"changeCostumeShade": {
				"type": "command",
				"category": "looks",
				"spec": "change costume shade by %n",
				"defaults": [100]
	},
	"playCostumeSound": {
				"type": "command",
				"category": "sound",
				"spec": "play costume sound"
	},
	"switchToCostumeNum": {
				"type": "command",
				"category": "looks",
				"spec": "switch to costume number: %n",
				"defaults": [1]
    }
     
}
