{
    "translate_percent": {
                "type": "command",
                "category": "motion",
                "spec": "translate by %n of %drc",
                "defaults": [100, null]
    },
    "flipYAxis": {
                "type": "command",
                "category": "looks",
                "spec": "flip",
                "defaults": []
    },
	"changeCostumeColor": {
				"type": "command",
				"category": "looks",
				"spec": "set costume color to %n",
				"defaults": [0]
	},
	"changeCostumeShade": {
				"type": "command",
				"category": "looks",
				"spec": "change costume shade by %n",
				"defaults": [100]
	},
   "parseString": {
            "type": "reporter",
            "category": "operators",
            "spec": "break up %s by %s"
   },
   "getData": {
            "type": "reporter",
            "category": "variables",
            "spec": "imported data"
   },
   "setCoordinateScale": {
            "type": "command",
            "category": "looks",
            "spec": "set coordinate scale %n",
            "defaults": [18]
   },

   "getCoordinateScale": {
            "type": "reporter",
            "category": "looks",
            "spec": "coordinate scale"
   },
	"3DRotationX": {
				"type": "reporter",
				"category": "motion",
				"spec": "3D x rotation"
	},
	"3DRotationY": {
				"type": "reporter",
				"category": "motion",
				"spec": "3D y rotation"
	},
	"3DRotationZ": {
				"type": "reporter",
				"category": "motion",
				"spec": "3D z rotation"
	},
	"_3DXCameraRotation": {
				"type": "reporter",
				"category": "looks",
				"spec": "3D camera x rotation"
	},
	"_3DYCameraRotation": {
				"type": "reporter",
				"category": "looks",
				"spec": "3D camera y rotation"
	},
	"torus": {
				"type": "command",
				"category": "pen",
				"spec": "torus width: %n length: %n",
				"defaults": [100, 100]
	},
	"parabolaSegmentLength": {
				"type": "reporter",
				"category": "pen",
				"spec": "length of arc width: %n length: %n",
				"defaults": [100, 100]
	},
	"showPlane": {
				"type": "command",
				"category": "looks",
				"spec": "show coordinate plane"
	},
	"hidePlane": {
				"type": "command",
				"category": "looks",
				"spec": "hide coordinate plane"
	},
	"printVariable": {
				"type": "command",
				"category": "variables",
				"spec": "print list %l"
	},
	"visibleColor": {
				"type": "predicate",
				"category": "sensing",
				"spec": "visible %clr ?"
  },
	"waitUntilOnly": {
				"type": "command",
				"category": "control",
				"spec": "wait until only thread"
  },
	"goOnAny": {
				"type": "hat",
				"category": "control",
				"spec": "Go On Any Script"
  }
}
