{
    "translate_percent": {
                "type": "command",
                "category": "motion",
                "spec": "translate by %n of %drc",
                "defaults": [100, null]
    },
	"changeCostumeColor": {
				"type": "command",
				"category": "looks",
				"spec": "set costume color to %n",
				"defaults": [0]
	},
	"changeCostumeShade": {
				"type": "command",
				"category": "looks",
				"spec": "set costume shade to %n",
				"defaults": [100]
	},
   "parseString": {
            "type": "reporter",
            "category": "operators",
            "spec": "break up %s by %s"
   },  
   "getData": {
            "type": "reporter",
            "category": "variables",
            "spec": "imported data"
   }             
}
