{
    "playSoundList": {
                "type": "command",
                "category": "sound",
                "spec": "play sound list %l loops %n",
                "defaults": [null, 1]
    },
    "setStartTime": {
                "type": "command",
                "category": "sound",
                "spec": "Start Timer Delay %n",
                "defaults": [1]
    },
    "playAtTime": {
                "type": "command",
                "category": "sound",
                "spec": "play sound %snd at time %n",
                "defaults": ["", 1]
    },
    "eighthNoteTime": {
                "type": "reporter",
                "category": "sound",
                "spec": "1/8 note time"
    },
    "updateFrequencyData": {
                "type": "command",
                "category": "sound",
                "spec": "update frequency data"
    },
    "frequencyData": {
                "type": "reporter",
                "category": "sound",
                "spec": "frequency data"
    },
    "rotateAroundPoint": {
                "type": "command",
                "category": "motion",
                "spec": "Center about X: %n Y: %n Distance: %n",
                "defaults": [0, 0, 100]
    },
    "drawSPD": {
                "type": "command",
                "category": "pen",
                "spec": "draw sound frequencies with offset %n",
                "defaults": [100]
    },
    "labelBox": {
                "type": "command",
                "category": "looks",
                "spec": "Label %s scale: %n",
                "defaults": ["hello", 2]
    }
}
